Pattern,Pojavljivanja,Vreme(s)
AAAAAAAAAAAA,0,3.254112
AAAAAAAAAAA,0,3.261643
AAAAAA,335544320,3.582471
AAB,67108864,2.413439
AB,67108864,2.330390
A,671088640,1.809017
B,67108864,1.591545
C,0,1.553569
