NP,Pattern,Pojavljivanja,Vreme
1,ATCG,3912004,4.523789
2,ATCG,3912004,2.649415
4,ATCG,3912004,1.519475
6,ATCG,3912004,1.163480
8,ATCG,3912003,0.994538
10,ATCG,3912004,1.120585
12,ATCG,3912004,0.970188
14,ATCG,3912004,0.892552
16,ATCG,3912004,0.832246
1,AAGTCA,244500,4.098468
2,AAGTCA,244500,2.386312
4,AAGTCA,244500,1.370507
6,AAGTCA,244500,1.052364
8,AAGTCA,244500,0.904456
10,AAGTCA,244500,1.035521
12,AAGTCA,244500,0.926844
14,AAGTCA,244500,0.841183
16,AAGTCA,244500,0.791649
1,GAATCATT,15289,4.526449
2,GAATCATT,15289,2.614603
4,GAATCATT,15289,1.505720
6,GAATCATT,15289,1.144418
8,GAATCATT,15289,0.991819
10,GAATCATT,15289,1.091937
12,GAATCATT,15289,0.980977
14,GAATCATT,15289,0.903273
16,GAATCATT,15289,0.834333
1,ATGCAGAGAT,955,4.472946
2,ATGCAGAGAT,955,2.614570
4,ATGCAGAGAT,955,1.497209
6,ATGCAGAGAT,955,1.146658
8,ATGCAGAGAT,955,0.978450
10,ATGCAGAGAT,955,1.098420
12,ATGCAGAGAT,955,0.984961
14,ATGCAGAGAT,955,0.891778
16,ATGCAGAGAT,955,0.833075
1,ATGCTGATGATCAGTAGATCGA,0,4.484490
2,ATGCTGATGATCAGTAGATCGA,0,2.633554
4,ATGCTGATGATCAGTAGATCGA,0,1.496867
6,ATGCTGATGATCAGTAGATCGA,0,1.150141
8,ATGCTGATGATCAGTAGATCGA,0,0.988359
10,ATGCTGATGATCAGTAGATCGA,0,1.091437
12,ATGCTGATGATCAGTAGATCGA,0,0.975536
14,ATGCTGATGATCAGTAGATCGA,0,0.889588
16,ATGCTGATGATCAGTAGATCGA,0,0.833793
1,ACGTS,0,4.469078
2,ACGTS,0,2.617420
4,ACGTS,0,1.497427
6,ACGTS,0,1.139725
8,ACGTS,0,0.981016
10,ACGTS,0,1.120471
12,ACGTS,0,0.980171
14,ACGTS,0,0.885998
16,ACGTS,0,0.827517





