Pattern,Pojavljivanja,Vreme(s)
AAAAAAAAAAAA,0,15.170991
AAAAAAAAAAA,0,15.225996
AAAAAA,335544320,13.613041
AAB,67108864,8.276352
AB,67108864,6.425316
A,671088640,4.699124
B,67108864,3.686462
C,0,3.589386
