Pattern,Pojavljivanja,Vreme(s)
AAAAAAAAAAAA,0,6.213890
AAAAAAAAAAA,0,6.176262
AAAAAA,335544320,5.363564
AAB,67108864,3.037714
AB,67108864,2.264311
A,671088640,1.804869
B,67108864,1.576880
C,0,1.550937
