NP,Pattern,Pojavljivanja,Vreme
1,ATCG,3912004,4.570187
2,ATCG,3912004,2.760091
4,ATCG,3912004,1.517410
6,ATCG,3912004,1.177838
8,ATCG,3912003,1.013386
10,ATCG,3912004,1.089594
12,ATCG,3912004,0.989400
14,ATCG,3912004,0.906421
16,ATCG,3912004,0.848187
1,AAGTCA,244500,4.079422
2,AAGTCA,244500,2.500242
4,AAGTCA,244500,1.409470
6,AAGTCA,244500,1.086131
8,AAGTCA,244500,0.941532
10,AAGTCA,244500,1.044106
12,AAGTCA,244500,0.940051
14,AAGTCA,244500,0.861205
16,AAGTCA,244500,0.815479
1,GAATCATT,15289,4.491904
2,GAATCATT,15289,2.742132
4,GAATCATT,15289,1.517847
6,GAATCATT,15289,1.170714
8,GAATCATT,15289,1.005486
10,GAATCATT,15289,1.097604
12,GAATCATT,15289,0.978438
14,GAATCATT,15289,0.899264
16,GAATCATT,15289,0.844714
1,ATGCAGAGAT,955,4.472866
2,ATGCAGAGAT,955,2.741241
4,ATGCAGAGAT,955,1.515667
6,ATGCAGAGAT,955,1.168529
8,ATGCAGAGAT,955,1.003152
10,ATGCAGAGAT,955,1.099133
12,ATGCAGAGAT,955,0.980361
14,ATGCAGAGAT,955,0.901178
16,ATGCAGAGAT,955,0.857145
1,ATGCTGATGATCAGTAGATCGA,0,4.489234
2,ATGCTGATGATCAGTAGATCGA,0,2.734170
4,ATGCTGATGATCAGTAGATCGA,0,1.550856
6,ATGCTGATGATCAGTAGATCGA,0,1.172461
8,ATGCTGATGATCAGTAGATCGA,0,1.006742
10,ATGCTGATGATCAGTAGATCGA,0,1.096134
12,ATGCTGATGATCAGTAGATCGA,0,0.980927
14,ATGCTGATGATCAGTAGATCGA,0,0.901510
16,ATGCTGATGATCAGTAGATCGA,0,0.845717
1,ACGTS,0,4.464053
2,ACGTS,0,2.723391
4,ACGTS,0,1.518505
6,ACGTS,0,1.170903
8,ACGTS,0,0.821968
10,ACGTS,0,1.094914
12,ACGTS,0,0.985692
14,ACGTS,0,0.903958
16,ACGTS,0,0.844070
