NP,Pattern,Pojavljivanja,Vreme(s)
1,ATCG,3912004,4.518296
2,ATCG,3912004,2.908930
4,ATCG,3912004,1.812482
6,ATCG,3912004,1.439690
8,ATCG,3912004,1.259922
10,ATCG,3912004,1.300900
12,ATCG,3912004,1.215811
14,ATCG,3912004,1.165131
16,ATCG,3912004,1.105366
1,AAGTCA,244500,4.079501
2,AAGTCA,244500,2.679633
4,AAGTCA,244500,1.706176
6,AAGTCA,244500,1.368391
8,AAGTCA,244500,1.202467
10,AAGTCA,244500,1.252939
12,AAGTCA,244500,1.161305
14,AAGTCA,244500,1.128277
16,AAGTCA,244500,1.080649
1,GAATCATT,15289,4.467961
2,GAATCATT,15289,2.904999
4,GAATCATT,15289,1.827775
6,GAATCATT,15289,1.445505
8,GAATCATT,15289,1.261051
10,GAATCATT,15289,1.301047
12,GAATCATT,15289,1.239350
14,GAATCATT,15289,1.162230
16,GAATCATT,15289,1.103476
1,ATGCAGAGAT,955,4.503468
2,ATGCAGAGAT,955,2.900873
4,ATGCAGAGAT,955,1.833124
6,ATGCAGAGAT,955,1.439621
8,ATGCAGAGAT,955,1.269874
10,ATGCAGAGAT,955,1.303002
12,ATGCAGAGAT,955,1.206492
14,ATGCAGAGAT,955,1.161627
16,ATGCAGAGAT,955,1.114827
1,ATGCTGATGATCAGTAGATCGA,0,4.467026
2,ATGCTGATGATCAGTAGATCGA,0,2.897341
4,ATGCTGATGATCAGTAGATCGA,0,1.820565
6,ATGCTGATGATCAGTAGATCGA,0,1.448486
8,ATGCTGATGATCAGTAGATCGA,0,1.265464
10,ATGCTGATGATCAGTAGATCGA,0,1.306489
12,ATGCTGATGATCAGTAGATCGA,0,1.224159
14,ATGCTGATGATCAGTAGATCGA,0,1.161457
16,ATGCTGATGATCAGTAGATCGA,0,1.103649
1,ACGTS,0,4.466357
2,ACGTS,0,2.903211
4,ACGTS,0,1.832597
6,ACGTS,0,1.446296
8,ACGTS,0,1.254306
10,ACGTS,0,1.300760
12,ACGTS,0,1.208401
14,ACGTS,0,1.169748
16,ACGTS,0,1.113010
